pred_labels,prob_0,prob_1,prob_2,prob_3,prob_4,prob_5,prob_6,true_0,true_1,true_2,true_3,true_4,true_5,true_6
"2,3",0.1498552023745983,0.003278399988510814,0.9993650859597878,0.999522415832371,0.8589427536013675,0.0033577473891289364,0.1004525853412856,0.0,0.0,1.0,1.0,0.0,0.0,0.0
"0,3,4",0.8101527876482396,0.16896688225988923,0.0018100425886152436,0.9994734969528263,0.8776860909795934,0.22194565746268574,0.019986499220457123,0.0,1.0,0.0,1.0,1.0,0.0,0.0
"2,3",0.0190076386903387,0.0004404909263607678,0.9994999305412539,0.8650059044095167,0.0004960586963770936,0.11815038955788257,0.03675250969479152,1.0,0.0,1.0,0.0,0.0,0.0,0.0
"3,5,6",0.002930596479797189,0.02526820297771516,0.9127777679919284,0.9990338897859831,0.29996140807933164,0.5940750297779737,0.3314346969252351,0.0,0.0,1.0,1.0,0.0,0.0,0.0
"2,3",0.19257910611822676,0.2567640726902894,0.9999641690480278,0.7946699133970414,0.006019700994345237,0.017147980743445253,0.13816073702096693,0.0,0.0,1.0,1.0,0.0,1.0,0.0
"3,5,6",0.11372439105375658,0.011715647476391566,0.4637109314790689,0.9999266461403369,0.4814533079634357,0.5656490527003503,0.5035976440027853,0.0,0.0,0.0,1.0,1.0,0.0,0.0
"0,3,6",0.9692223847073114,0.001938463792392328,0.000980269512589784,0.9753315468186262,0.0038530783471863294,0.11242185356419208,0.37479203772538294,0.0,0.0,0.0,1.0,0.0,0.0,1.0
"2,3,6",0.04337376653740104,0.8797833327403004,0.9996784008815633,0.9995903155709933,0.0651759465290352,0.03695653021572332,0.9100822558172005,0.0,0.0,1.0,1.0,0.0,0.0,0.0
"2,3",0.009630232926943264,0.0017340028586888881,0.9999046969761246,0.9995192362448594,0.06427491303036428,0.2059318828130308,0.011633275142556323,0.0,0.0,1.0,1.0,0.0,0.0,0.0
"3,5",0.18637467602000024,0.05834037852722373,0.04992341095359743,0.9994141620301942,0.8620564731920375,0.7169543947801543,0.00041795305253481785,0.0,0.0,1.0,1.0,0.0,0.0,0.0
"0,3",0.8466434561076949,0.20681715072894058,0.8927447231778868,0.9999102253461922,0.10996624726209313,0.01880300489619332,0.1761217631127209,0.0,0.0,1.0,1.0,0.0,0.0,0.0
"2,3",0.4767311666131234,0.006082976598746148,0.9985298135273756,0.9999934568816984,0.0202474506040223,5.2415726097690856e-05,0.16277387363681498,0.0,0.0,0.0,1.0,0.0,0.0,1.0
"0,2,3,6",0.7563427200374526,0.6109134313036935,0.9986129789400268,0.9999252489421391,0.05602193938959646,0.0634888083060052,0.4624457867559916,1.0,0.0,0.0,1.0,0.0,0.0,0.0
"0,3,6",0.9809266604161355,0.003308924440911878,0.7873495564361934,0.999878268732714,0.22773546990493945,0.004154376218493215,0.3852908658972804,1.0,0.0,0.0,1.0,0.0,0.0,0.0
"2,3",0.010590791134209507,0.27406437919250004,0.9998223620311744,0.9999463663282702,0.38549492779260985,0.11700981502271186,0.0047792310929540725,0.0,0.0,1.0,1.0,0.0,0.0,0.0
"3,5,6",0.11043230623382683,0.03953132842076169,0.9863370709328393,0.9993107690381051,0.00859351539307858,0.9788846392254107,0.5399262640612386,0.0,0.0,0.0,1.0,0.0,1.0,0.0
"0,3,6",0.9989894772499036,0.03351073081933662,0.04945445760769399,0.9950704738551664,0.7029206004000951,0.0324329496183593,0.39035714467860727,0.0,0.0,0.0,1.0,0.0,0.0,1.0
"0,3,6",0.9904482286130801,4.8292710375714386e-05,0.016436202321086484,0.9627745616120464,0.0007201369058504384,0.0013106275928864667,0.3910031267987711,1.0,0.0,0.0,1.0,0.0,0.0,0.0
"2,3",0.001856923132697831,0.002035266826648447,0.9999998794922266,0.9999773386719188,0.023018592358180552,1.0397032994224697e-06,0.0010605333870635557,0.0,0.0,1.0,1.0,0.0,0.0,0.0
"0,3,6",0.9909635687160104,0.0003126458534401976,0.029014025376712205,0.9981520017143866,0.04708500572069251,0.007635659143808012,0.5597254465517106,1.0,0.0,0.0,0.0,1.0,0.0,0.0
"3,5,6",0.14490882360228693,0.0034975237471414652,4.550731477233838e-05,0.9966673768634784,0.009352142755474005,0.9292716450742222,0.25274650364262363,1.0,0.0,0.0,0.0,0.0,1.0,0.0
"0,2,3,5,6",0.6758358641816975,0.4296943017168392,0.9992235956560017,0.9968746887041471,0.020354557505307947,0.32977058396353665,0.39700698085747177,1.0,0.0,1.0,0.0,0.0,0.0,0.0
6,0.03268593293584003,0.00015228620873860917,0.05348423202615729,4.9390476943509995e-05,3.8552321295256184e-08,0.14890772745114075,0.9961605805994593,1.0,0.0,1.0,1.0,0.0,1.0,1.0
"1,3,5,6",0.00415880982041352,0.9512460559066404,0.9854946481612404,0.9998476569675141,0.06219052826308928,0.4443241354986323,0.4642619596053294,0.0,1.0,0.0,1.0,0.0,0.0,0.0
"3,5",0.04518849099370535,0.0013173534603654151,0.7086016493885272,0.9995343836561543,0.2450844396792689,0.5729967415939919,0.07495743685965921,0.0,0.0,0.0,1.0,0.0,1.0,1.0
"2,3,5",0.013795739884179523,0.7230904495273548,0.9999569024058551,0.9964533458712264,0.003141068483229965,0.36762918194692723,0.0005149793050393988,0.0,0.0,1.0,0.0,0.0,1.0,0.0
"2,3,5,6",0.07359060051004084,0.013126610151541271,0.9952478292782843,0.9988511249577934,0.0015567076642165468,0.4109586679053363,0.5868514520752519,0.0,0.0,1.0,0.0,1.0,1.0,0.0
"0,3,5,6",0.9829696881453337,0.3750234078500457,0.09419368358904015,0.9954444312348659,0.05149837848101537,0.4066114146327239,0.8505175810338783,1.0,0.0,1.0,1.0,0.0,0.0,0.0
5,3.173660271552103e-05,0.06427283385401432,4.6172471194145704e-05,0.002897225724134672,0.0023028855882195657,0.9997610801322988,0.0007780087241617007,0.0,1.0,1.0,0.0,0.0,0.0,0.0
"2,3",0.00023402144373357387,0.003311722877022274,0.9999987042484902,0.9807924902529089,0.010847136044006602,0.010879261655899386,0.00018873439559164267,0.0,0.0,1.0,1.0,0.0,0.0,0.0
"0,1,3",0.8039998151341162,0.9997072485888567,0.44628858565080043,0.9998688512020483,0.21681853510039592,0.11944422329020442,0.05502499017440838,0.0,1.0,0.0,1.0,0.0,0.0,0.0
"0,3,6",0.8870714775430562,0.0008467654600967032,0.9751201672248085,0.9908092744691771,0.007733222676276514,0.046516308806812894,0.9719190711442404,0.0,0.0,1.0,1.0,0.0,0.0,0.0
"2,3",0.004281668727600716,0.8223012326516979,0.9995695859313308,0.9992598916634851,0.0017154526362689348,0.05820718425245712,0.04047148502687974,0.0,0.0,1.0,1.0,0.0,0.0,0.0
"0,3",0.8628883367249914,0.0010780983677658746,0.9765683016670904,0.9999972158613578,0.1892411574206066,0.0004285022330492346,0.007817275577753345,0.0,0.0,0.0,1.0,0.0,1.0,0.0
"2,3",0.08312903209806434,0.3802433147658046,0.9995995498478446,0.9977483321639025,0.021056563818794453,0.021253179066163842,0.001457512549793421,0.0,0.0,1.0,1.0,0.0,1.0,0.0
"0,3",0.9972858290876068,0.010840467809697031,0.4970191790898159,0.9999122554595249,0.1554480378986482,0.0550480843513566,0.09933286353408892,1.0,0.0,0.0,1.0,0.0,0.0,0.0
"2,3,4,5",0.00022544415167273697,0.028614882245389984,0.9989561075680256,0.9988237865948422,0.9820450477340865,0.4223164206626506,0.003998470783041964,0.0,0.0,1.0,1.0,1.0,0.0,0.0
"0,2,3",0.7998252779549193,1.8307081159756537e-05,0.9960159451353222,0.999893374370511,0.0012613567476260743,0.02716824849450562,0.0008013238679767385,0.0,0.0,1.0,1.0,0.0,0.0,0.0
"2,3",0.004437293733406988,0.0665001334844408,0.9998206939145262,0.9999514741017693,0.1956915588484768,0.007869964006401563,0.05866822970820018,0.0,0.0,0.0,1.0,0.0,1.0,0.0
"0,1,3,6",0.839216265662358,0.9769626877662215,0.9684301964073775,0.9998761151629141,0.003121237810242507,0.07034323145442685,0.48903876729458545,0.0,1.0,0.0,1.0,0.0,0.0,0.0
3,0.12553425032034726,0.4313064074910879,0.7799720182762846,0.9997608107526501,0.09383026488656097,0.07287528499793182,0.0012220504279340848,0.0,0.0,0.0,1.0,1.0,0.0,0.0
"3,5",0.0374783551055513,0.0004992669227074341,0.0006423142710084645,0.660617794372908,0.00040427815149940476,0.9926995584698594,0.05554646253803772,1.0,0.0,0.0,1.0,0.0,0.0,0.0
"2,3",7.786219696451961e-05,0.6286796526365571,0.9991926700744677,0.9949336799913991,0.003246144081305205,0.15221332992689005,0.0007908882307200755,0.0,0.0,1.0,1.0,0.0,0.0,0.0
"2,3,6",0.36187632247220053,0.001107767081779949,0.9998345130713364,0.9997697078184934,0.005539217415947343,0.001053677163204202,0.8570703810549086,0.0,1.0,1.0,1.0,0.0,0.0,0.0
"3,5",0.6097785847835555,0.016306266474989884,0.5957130846008446,0.9995972201751453,0.29523663397450806,0.8933158166475371,0.13026376599641892,0.0,1.0,1.0,1.0,0.0,0.0,0.0
"2,3",1.6724787820806663e-05,0.0013337297166377197,0.9999982024583576,0.9994882813662199,0.0006120156930748326,0.0008258622606277658,0.0002529321504580882,0.0,0.0,1.0,1.0,0.0,0.0,0.0
"0,3,6",0.9947426924788333,2.967097486256035e-06,0.0005310792767916123,0.9952497881188357,0.0040509813880950304,0.022003598979441593,0.6089000812587451,0.0,0.0,0.0,1.0,0.0,0.0,1.0
"0,3,6",0.9790709828197066,0.3456151819846525,0.8183236762403243,0.9960805697594135,0.3639002345597518,0.2834860626036413,0.8021527696661748,0.0,0.0,0.0,1.0,0.0,0.0,1.0
"3,5",0.030748913112811894,0.8545415794390507,0.4393983347528741,0.9985315196847244,0.7937191584502432,0.6595209298375669,0.013532162977369602,0.0,0.0,1.0,1.0,0.0,0.0,0.0
"3,5",0.07639457342953151,0.19686811419795183,0.3679763625036779,0.9972185195969915,0.49987034127406843,0.9662013408864961,0.06891553981078295,0.0,1.0,0.0,1.0,0.0,0.0,0.0
"2,3",8.074150882934098e-06,0.0005363230339222787,0.9999453442060747,0.33035484694051953,0.006239702304381105,0.10822838329855332,2.5338175788363785e-05,0.0,0.0,1.0,0.0,1.0,0.0,0.0
"2,3",0.07222459174022992,0.5079336808651588,0.9992749830542345,0.9979222560340569,0.12230450316866666,0.027192756062324422,0.07715127638935519,0.0,0.0,1.0,0.0,1.0,0.0,0.0
"2,3",0.07701946153186784,0.025500572035733412,0.9995031619778196,0.9997754146876686,0.8679012356325717,0.19177691015034765,0.016137475060156937,0.0,0.0,1.0,1.0,0.0,0.0,0.0
"0,3,6",0.8281359176574824,0.825519694122502,0.8643940783146195,0.996880651452812,0.0021022832993482276,0.021030507832243805,0.9825337009825348,0.0,0.0,1.0,1.0,0.0,0.0,0.0
"1,3,5",0.047779797892090636,0.9973714921795818,0.45705185466734144,0.9992391116927968,0.053919708079510555,0.6010645137899967,0.07396028035834333,0.0,1.0,0.0,0.0,1.0,0.0,0.0
"2,3",0.006239147936955893,0.11916690820169698,0.9999901479115654,0.999786390698116,0.08533919450253125,0.0008023639782470872,0.12747048607262274,0.0,0.0,1.0,1.0,0.0,0.0,0.0
"1,3",0.013255743349194968,0.9981814189610889,0.6773511740439677,0.16789150238183492,0.010520930305729861,0.26938811663076756,2.4094881552993926e-06,0.0,1.0,0.0,1.0,0.0,0.0,0.0
"2,3",0.0020001016502597876,8.166682720619451e-05,0.999999549794675,0.9999649173033578,0.0939743952503434,1.0653756564558262e-05,0.0053831269030820625,0.0,0.0,1.0,1.0,0.0,0.0,0.0
"1,3,6",0.04523679983126428,0.9984274651602943,0.9734998861630884,0.9993688875324402,0.3875228961729762,0.07078733700620132,0.4403478046797261,0.0,1.0,0.0,0.0,0.0,0.0,1.0
"2,3",3.474935105363114e-05,0.009662214009026868,0.9999996329289056,0.9999946562388901,0.10755042663608633,0.0008975535787385942,4.609828279620601e-05,0.0,0.0,1.0,1.0,0.0,0.0,0.0
"3,6",0.518602045532863,0.254234222282649,0.8761719547966481,0.9999777422411942,0.7517280816924352,0.006788349077973408,0.2808088853202037,0.0,1.0,0.0,1.0,0.0,0.0,0.0
"0,3,6",0.9496269381477702,0.001607694150118344,0.004782952092351142,0.8797861222600655,0.0026666395837358116,0.2574649542112472,0.9964787452417482,1.0,0.0,0.0,1.0,0.0,0.0,0.0
"2,3",0.0004509784757912719,0.788591307372988,0.9999983853704115,0.9999589669572705,0.8496007245714113,0.0022199623828073113,0.0029547912796799368,0.0,0.0,1.0,1.0,0.0,0.0,0.0
3,0.01509384418209337,0.00017015642163813906,0.27022242269895663,0.9999947801209201,0.0017823532652982861,0.0001900045358438827,0.001196851461396571,0.0,0.0,0.0,1.0,0.0,0.0,1.0
"2,3",0.09069477866745015,0.0007693551109723462,0.9999862033379646,0.9637568414026241,7.646789785247662e-05,0.003404805729408158,0.22608338512214282,0.0,0.0,1.0,1.0,0.0,0.0,0.0
"3,5,6",0.10976470827219839,0.004393432924721213,0.5243108724161494,0.9998658346669427,0.30589038367632077,0.45388661093561217,0.6887186080936005,1.0,0.0,1.0,1.0,0.0,1.0,0.0
"2,3",0.09579688309914884,4.5884526334551846e-05,0.9999985911708602,0.3141349754550764,1.7096642263484675e-05,9.768435782271371e-05,8.648209867033986e-05,0.0,0.0,1.0,0.0,1.0,0.0,0.0
"2,3",0.022533465634679777,0.29820257909451947,0.9998728957280544,0.9898661521649276,0.00047302123620116004,0.010454839368417406,0.03262216328867412,0.0,0.0,1.0,1.0,0.0,0.0,0.0
"1,3,5",0.02752439446796376,0.9610782791903426,0.9555425506830423,0.9985872840313333,0.035954853980453436,0.37809867022100546,0.10143797527322668,0.0,0.0,1.0,0.0,1.0,1.0,0.0
"2,3",0.05549823384247276,0.3498404845747971,0.9951644522695595,0.9999657427168163,0.09364509384997263,0.29644915187476106,0.1578894801198965,0.0,0.0,1.0,1.0,0.0,0.0,0.0
3,0.2660132831190378,0.013104876835855924,0.05579268822094673,0.9841157931897985,0.09377286072413417,0.2824659197484587,0.15089154630631216,0.0,0.0,0.0,1.0,0.0,0.0,1.0
"1,2,3,6",0.09105062766843643,0.9887854090521412,0.9963972555016217,0.9997247639541357,0.007736145828000034,0.1581768369419832,0.318617236270429,0.0,0.0,1.0,0.0,0.0,1.0,0.0
"2,3",6.016940446702422e-05,0.24592304670669768,0.999465793316423,0.99998705706047,0.07528448763457785,0.0930790035704304,0.01195864011020929,0.0,0.0,0.0,1.0,0.0,0.0,1.0
2,0.0006615227029544908,4.213672545570953e-05,0.9999397203637089,0.021592895458236696,1.468907766098595e-06,0.07115835486068271,0.00022131583712565038,1.0,0.0,1.0,0.0,0.0,0.0,0.0
"2,3,6",0.004043809415325008,0.0008074895727596131,0.9951426706848485,0.9998946093809591,0.0045092837599374795,0.00034539488505933583,0.9353430548457007,0.0,0.0,1.0,1.0,0.0,0.0,0.0
"1,3,5",0.1350361747803772,0.9405613765327566,0.95987797543974,0.9979711564021027,0.3319193443959744,0.31622609078116676,0.008473432288042568,1.0,1.0,0.0,0.0,0.0,0.0,0.0
"3,5,6",0.00219405374120206,7.957950026924644e-05,0.9655812031051637,0.9969699791607378,0.12423278602463278,0.9601603306464901,0.5331908315566807,0.0,0.0,0.0,1.0,0.0,1.0,0.0
"0,3,5,6",0.678562426725272,0.028716301785382838,0.7655760332079182,0.9903662589262745,0.2826773783025676,0.9897244097351342,0.9797085288973182,1.0,0.0,0.0,1.0,0.0,0.0,0.0
"3,5",0.003518658143164461,0.5298890196992356,0.04507680382491109,0.9093002810841723,0.006923793729839544,0.8515300960277546,0.05177577365553504,1.0,1.0,1.0,0.0,0.0,0.0,0.0
"3,4,5",0.016681087686720678,0.018252547146469053,0.9023408480447195,0.989247753309331,0.9342285165425437,0.7693294931040654,0.08794084422792788,0.0,0.0,0.0,0.0,1.0,0.0,1.0
"2,3,5,6",0.0060738480809213145,0.5557485071334805,0.9949444995697334,0.9371117990842734,0.06121775161258781,0.9117324318280142,0.9027499844490977,0.0,0.0,1.0,1.0,0.0,0.0,0.0
"0,3",0.9966307357897872,0.014401717707253271,0.00010030448767709987,0.9999414193937107,0.023521187321206803,0.005765891206201447,0.0004467007634538131,1.0,0.0,0.0,1.0,0.0,0.0,0.0
"2,3",0.0031261656362718206,0.09573716447655292,0.9983886882617481,0.9999892851080616,0.10918182919646746,0.0010805738162296028,0.03042628655607621,0.0,0.0,1.0,1.0,0.0,0.0,0.0
"3,4",0.0010619892607726849,0.8073790682626865,0.9743547616715641,0.9989915480178315,0.9083168684573056,0.07353691875501989,0.005227340596693987,0.0,1.0,0.0,1.0,0.0,0.0,0.0
"2,3",0.00014001446407043512,8.939535731649629e-05,0.9999978587948972,0.9999983982571176,0.0058237323819556475,0.00022345792935019092,7.096891119067517e-06,0.0,1.0,1.0,0.0,0.0,0.0,0.0
"3,5",0.1518491423426227,0.00048084682404381376,0.00010249093979309335,0.9860645426481751,0.0021383430538323544,0.6769914104913788,0.058932289206854144,1.0,0.0,0.0,1.0,0.0,0.0,0.0
"2,3,5",1.259332879635735e-05,8.10999593382998e-05,0.9999889768095312,0.816318544710075,0.014236900942066345,0.4837800284140605,1.3753405442213588e-06,0.0,0.0,1.0,1.0,0.0,0.0,0.0
"3,5",0.0008082459211545655,0.651514636823382,0.705495318553921,0.28139466942273056,0.07244338849981996,0.5774025495433047,0.007908793527562772,0.0,0.0,1.0,0.0,0.0,1.0,0.0
"0,3",0.9995676676300556,0.0004574549057114704,0.38637545040429355,0.999103741123764,0.002915257850996272,0.002678464316759581,0.2034478996029984,1.0,0.0,0.0,1.0,0.0,0.0,0.0
"0,3",0.8791819547829242,0.12350558442523552,0.83656068745199,0.9998353678778282,0.11632005891445277,0.06244766207780838,0.20197286376565604,0.0,0.0,0.0,1.0,1.0,0.0,0.0
3,4.6325596281018906e-05,0.06649833894429898,5.935110191811539e-07,0.9397218991552254,0.006773520092983202,0.019355916865127037,2.714782110126568e-05,0.0,1.0,0.0,1.0,1.0,0.0,0.0
"3,6",0.33658763188341334,0.21186242369093955,0.9700735616255594,0.9999679418740645,0.03276620635370575,0.03004428478429368,0.894300914564237,0.0,0.0,0.0,1.0,0.0,0.0,1.0
"3,5",0.0017690854010798103,0.06233052727157689,0.870319080305753,0.9997158260062301,0.492181988631216,0.64211174818224,0.07574963108596512,0.0,0.0,1.0,1.0,0.0,0.0,0.0
"0,3",0.999103508919806,0.007070124459924349,0.00985665537541546,0.3960175610218566,0.0001681940976853188,0.000991478474364623,0.053212849619888467,1.0,1.0,0.0,0.0,0.0,0.0,0.0
"3,5",0.007741464290843938,0.020331453417668323,0.9178252782872559,0.9999064289969487,0.8667645480829451,0.6524319889993622,0.06574034123659497,0.0,0.0,1.0,1.0,0.0,0.0,0.0
"3,5",0.0004105215381756597,0.7321459835785739,0.9535220482499326,0.9987905278448853,0.809194220366949,0.3755352403363607,0.0003749797572739144,0.0,0.0,1.0,1.0,0.0,0.0,0.0
"0,2,3,6",0.9911309860941561,0.00023521766698816405,0.9993881702076296,0.9707772225382618,0.010343680381344806,0.002309942254445391,0.7754656139954101,0.0,1.0,1.0,0.0,0.0,0.0,0.0
"2,3,5,6",0.05222457858868474,0.5649201846193389,0.9992024014060814,0.8261435623888906,0.019637099609189333,0.6569324144710579,0.920411754316053,0.0,0.0,1.0,0.0,1.0,0.0,0.0
"0,3,6",0.9898233097061397,3.6663019096453156e-05,0.16331472365384317,0.9502255365215978,0.003678042349838348,0.0035120998523723505,0.9204608283478528,1.0,0.0,0.0,1.0,0.0,0.0,0.0
"5,6",0.002250695875812217,0.02555673977264128,0.31226780882809924,0.0001635166532526377,1.6944571231346244e-05,0.45611230403396336,0.954350071406619,0.0,0.0,1.0,0.0,0.0,0.0,1.0
6,0.045376199140285206,0.0014628529537529045,0.023515479284046924,1.423831871501786e-05,1.979894003422123e-05,0.21228068411649195,0.9997587988856097,1.0,1.0,0.0,1.0,0.0,0.0,0.0
"1,3,4",0.001798793692086342,0.9628037099416434,0.008488852567339004,0.5648179801505812,0.8967224811967482,0.22564553706313406,0.0021445330527838057,0.0,0.0,0.0,1.0,1.0,0.0,0.0
"2,3",0.1956514089107057,3.135118632972586e-05,0.9999924024294377,0.9999882053526057,0.0483461119237661,0.0016201921959625334,0.04997305013027874,0.0,0.0,1.0,1.0,0.0,0.0,0.0
"1,3",0.026189246687288347,0.999161132419901,0.05657360523275243,0.9987312253962527,0.11121102072034326,0.04565516130338096,0.054682566899150395,0.0,1.0,0.0,1.0,0.0,0.0,0.0
"2,3",0.08400413770231502,0.0349476559857918,0.9999979033935469,0.9999966226574135,0.3616069525257846,0.0011754377801515112,0.00979608063407191,0.0,0.0,1.0,1.0,0.0,0.0,0.0
"3,6",0.09438908617449047,0.06224104086310629,0.9399193111717109,0.9986532955995088,0.1289052203201738,0.1262017237319188,0.9928785737829489,0.0,0.0,0.0,1.0,1.0,0.0,0.0
"2,3",0.0012697266245370548,0.001959535069203641,0.9999975661586479,0.997943874357936,0.06722934098647468,0.0026611445850193687,0.00815345917694056,0.0,1.0,1.0,0.0,0.0,0.0,0.0
3,0.0010885481174392304,0.804327719528196,0.9563820243110266,0.9999118052494029,0.39540304816270444,0.15677848788390708,0.07945622231505618,0.0,0.0,1.0,1.0,0.0,0.0,0.0
"0,3,6",0.9987306807160886,4.591998542962582e-06,0.0013746751852493696,0.05276321828903815,0.00024155279615848202,0.00016150042358364943,0.7494460711850033,1.0,0.0,0.0,1.0,0.0,0.0,0.0
"2,3",0.0015271757798010195,0.01157123516226835,0.999994762231622,0.9998738965213072,0.3911748405767745,0.021164129007297115,0.01682512183723188,0.0,0.0,1.0,1.0,0.0,0.0,0.0
"0,3,5,6",0.9963758793460376,0.12703099651764896,0.0005316082105285191,0.9587864910298896,0.22379959066641864,0.5951738357127222,0.4171035025761427,1.0,0.0,0.0,0.0,0.0,1.0,0.0
"0,3,6",0.7377147043921211,0.001691903799858149,7.75033807133547e-05,0.9993854735081172,5.031940260051007e-06,0.004263611245735554,0.4009892572544278,1.0,0.0,0.0,1.0,0.0,0.0,0.0
"1,3,5",0.002489086862236794,0.9856312282330383,0.01861492739506065,0.9983993366972257,0.02229920018981751,0.5438024513452807,0.007301828263723804,0.0,1.0,0.0,1.0,0.0,0.0,0.0
"1,2,3,6",4.491931730773773e-05,0.9837953248642743,0.9990977116498191,0.9981629451257641,0.0012235135945323945,0.3078522653285544,0.27444598877463705,0.0,1.0,0.0,1.0,0.0,0.0,0.0
"0,3,5",0.9376825350227196,0.1685738800083101,0.9219441337482434,0.9999496520595358,0.013377752560649757,0.3953190085448695,0.06013118085620924,0.0,0.0,0.0,1.0,0.0,0.0,1.0
"2,3,6",0.01906969330040326,0.001857918785243962,0.9999969931474266,0.9925680934426441,0.001094788507439649,0.07009860672830777,0.26344813721421745,0.0,0.0,1.0,0.0,0.0,0.0,1.0
"2,3,6",0.03218472755430959,0.00022211544780676896,0.9995545472628119,0.9999965767976371,0.00029303327110742725,7.843718999012886e-05,0.9710519863688082,0.0,1.0,1.0,1.0,0.0,0.0,0.0
"0,6",0.9922361924996005,0.0017871806841865297,0.0014061590897888928,0.023461695853518573,0.011853494691582001,0.12328635679267323,0.3370667254254696,1.0,0.0,0.0,0.0,0.0,0.0,1.0
"2,3",0.001761877216101031,3.5565979200750337e-07,0.9999945069894985,0.42291393366902996,1.9637879785145776e-05,0.013091828479089676,0.0032271204991530496,0.0,0.0,1.0,1.0,0.0,0.0,0.0
"0,3,6",0.8640801055726169,0.001630805350529364,0.4571189428633513,0.999938764309216,0.0013094087518598127,0.004516636981829374,0.9449451871719531,1.0,0.0,0.0,1.0,0.0,0.0,0.0
"2,3,5,6",0.00811474307328346,0.838582063912969,0.9972843201582074,0.9924225489638898,0.27297254412426775,0.9001019510226732,0.4403440865135058,0.0,0.0,1.0,0.0,1.0,0.0,0.0
"2,3",0.05556918400213195,0.002993099569201278,0.9999716199420963,0.9998862147124373,0.041339759743035914,0.010173847768907195,0.20733176294732686,0.0,0.0,1.0,1.0,0.0,0.0,0.0
"0,2,3",0.9159470613318635,9.28134183040791e-05,0.9999482812309944,0.23221099340140064,0.009021850333667428,0.02021961186373556,0.15564715455333886,1.0,0.0,1.0,0.0,0.0,0.0,0.0
"3,5",0.11099900031789572,0.052571165583139096,0.658045834800928,0.9998507118684536,0.2334317246138206,0.7128798209515803,0.14251974068891188,0.0,1.0,0.0,0.0,0.0,0.0,1.0
"1,3,6",0.10893914832941425,0.898364464798866,0.01985676299518971,0.9998804848448719,0.013274502646843515,0.07080790323041601,0.8686850510787515,1.0,0.0,0.0,1.0,0.0,0.0,1.0
"3,5",0.051948800056380945,0.022966580695467368,8.291496412492517e-07,0.26969152188195333,0.20003748142489616,0.9873775945154551,0.042561008979864624,0.0,0.0,0.0,1.0,0.0,0.0,1.0
"2,3",0.07845738955384664,0.0014605458011383273,0.999999053162996,0.7773500018944263,0.0003424071042381736,0.0009399189173211512,0.0003188057153260895,0.0,0.0,1.0,1.0,0.0,0.0,0.0
3,0.001049478965435908,0.00047778935520504984,0.9854292408973591,0.9855442768974888,0.09780626733650968,0.07815602744624833,3.5163751071575608e-06,0.0,0.0,1.0,1.0,0.0,0.0,0.0
"2,3,6",0.022331945000685353,0.027094446033057974,0.999983565069554,0.9963836086965772,0.052509657311463453,0.06077279264495704,0.3844214044352206,0.0,0.0,1.0,1.0,0.0,0.0,0.0
"0,3,6",0.9746761278027034,0.060798280127487406,0.8652049256313256,0.9997646707330808,0.03747371103273639,0.14860520023545415,0.8693311155022074,1.0,0.0,0.0,1.0,0.0,0.0,0.0
"2,3",0.00022956476131623683,0.000562120510315624,0.999885698705223,0.999952072600334,0.1861881954586503,0.03911139066745869,0.11047312485342778,0.0,0.0,1.0,1.0,0.0,0.0,0.0
"0,3,6",0.991904927041116,0.024592460719392948,0.09566456116023864,0.9960073786062286,0.06040573249830947,0.19803535208603387,0.36982877743071035,1.0,0.0,1.0,0.0,0.0,0.0,0.0
"0,2,3",0.9951370896270655,0.00029339353867880217,0.9976179650664754,0.9972208464443126,0.0008831952079270075,0.0650741180701693,0.05151381143777124,0.0,0.0,0.0,1.0,0.0,1.0,1.0
"1,3,4,5,6",0.05236959681609289,0.9938905440957667,0.1845447767064525,0.9997136110149644,0.9498288625354911,0.4666892995310066,0.9526078070005233,0.0,0.0,0.0,1.0,1.0,0.0,0.0
"3,5",0.0024246743536475595,0.0013649943765929528,6.938991901715764e-05,0.9731534171442698,0.0004760019809586497,0.4235322459461107,0.0006632488633679262,0.0,0.0,0.0,1.0,1.0,0.0,0.0
"3,6",0.010163013165133485,0.6665079673999519,0.9786035242203055,0.9994288046382664,0.13585410495566408,0.16899592644761333,0.2982545044233806,0.0,0.0,0.0,1.0,0.0,0.0,1.0
"1,3",0.09002335128539356,0.99743409666847,0.965711930902718,0.999944983910243,0.004474110835521329,0.02652792913995959,0.05698087628160391,0.0,1.0,0.0,1.0,0.0,0.0,0.0
"2,3",0.0004386197948004314,0.000794178151110974,0.9999969154426528,0.9997821337630581,0.08851583983596686,0.0034484836616857544,0.09815707187483397,0.0,0.0,1.0,1.0,0.0,0.0,0.0
"1,3,5",0.041677053779332486,0.9669378029623973,0.985993665766059,0.9995828216625555,0.004583173228091165,0.5738587580518618,0.08700123163353216,0.0,1.0,0.0,1.0,0.0,0.0,0.0
"1,3,5,6",0.23215568521461638,0.9956582338495648,0.07985514926422461,0.978982195590273,0.3305567358444029,0.695600084573721,0.7718772736354921,0.0,1.0,0.0,1.0,0.0,0.0,0.0
"2,3",0.27027432050151673,0.21570289148170493,0.9999995218379368,0.9999906112231651,0.001786840448065546,0.00040638134791503493,1.2094545558432702e-05,0.0,0.0,1.0,0.0,1.0,0.0,0.0
"0,3",0.7507469406195106,1.4076691145159925e-05,0.005482912241568049,0.9993377143953581,0.01216476739264775,0.007832219823321482,0.08675124327263957,0.0,0.0,0.0,1.0,1.0,0.0,0.0
"2,6",0.09676913558996206,7.2738987888491245e-06,0.9997804806292286,0.001337455139944959,3.511796521937339e-07,5.99760026867167e-06,0.546409710526235,1.0,0.0,1.0,0.0,0.0,0.0,0.0
"3,4",0.6527672844792811,0.0005097895156986292,0.9865841369402409,0.9985335782538699,0.9866186792443071,0.0007896762488494056,0.09594547231253336,0.0,0.0,0.0,1.0,1.0,0.0,0.0
"2,3",0.04580891713019209,0.7456651292573113,0.9999448770412366,0.9990505748586387,0.030098047331790303,0.005576750418755884,0.1726405482489135,0.0,1.0,1.0,0.0,0.0,0.0,0.0
"0,3,6",0.9913977865094259,0.26338713175098705,0.10108968997001651,0.9978313506929547,0.1206539400142943,0.1703069077640292,0.6436323408875212,1.0,0.0,0.0,1.0,0.0,0.0,0.0
"2,3",0.0005920768855515352,0.06992195328558672,0.9999967529778101,0.9999718334860158,0.0001985665222075153,0.003451227513989373,7.445466487194602e-05,0.0,0.0,1.0,1.0,0.0,0.0,0.0
"0,3,6",0.6847724541787804,0.7879686067517608,0.7968274459322161,0.999200702806275,0.00011430333842813124,2.7796174072374627e-05,0.8969587487549774,1.0,0.0,1.0,1.0,0.0,0.0,0.0
"2,3,5",0.007974853208559562,0.01903352400272048,0.9969806485183383,0.997704765234348,0.5714335359698365,0.7939489128122305,0.01939922794382785,0.0,0.0,1.0,1.0,1.0,1.0,0.0
"3,4",0.00010564531115346982,0.2303136424151042,0.5977015155772961,0.9988046140187169,0.9787475896364819,0.028163735053257827,0.006187728155579364,0.0,0.0,0.0,0.0,1.0,1.0,0.0
"1,3,4,6",0.0555640228194104,0.8941594541089366,0.6228107820253372,0.9997822680957948,0.9343779875206772,0.2943204852078118,0.5254274593706283,0.0,1.0,0.0,1.0,0.0,0.0,0.0
"0,3,6",0.8780890556029491,0.11343601409035074,0.931329366299452,0.9999069663846153,0.030181147013874966,0.004148765108967077,0.25824009188552854,0.0,0.0,1.0,1.0,0.0,0.0,0.0
"0,3,6",0.9535583823764134,0.15425867228034243,0.8072037193644873,0.9963254660247781,0.0020611706778428072,0.007834172369760512,0.39114475589336256,1.0,0.0,0.0,1.0,0.0,0.0,0.0
"2,3",0.0035199143989197088,0.2388242060444037,0.9998251819054942,0.999699227114713,0.7079447791768847,0.008691616933451723,0.08744205153116155,0.0,0.0,1.0,1.0,0.0,0.0,0.0
"3,5",0.005703257993206167,0.4354821181843816,0.758176454655799,0.9848052948212637,0.11503478479193299,0.9441283519467562,0.0816849670189195,1.0,0.0,0.0,1.0,0.0,0.0,0.0
"3,5",0.18044615788771484,0.0016113510523642007,0.0013976853843771888,0.9989882658849587,0.009675660670392258,0.41585401330545085,0.032249028529601015,1.0,0.0,0.0,0.0,0.0,1.0,0.0
"3,4",0.02178596475685245,0.00020742720869190156,0.17258930193657238,0.0670048992673132,0.9993645645891548,0.04977363184491832,0.013644931961890743,0.0,0.0,1.0,0.0,1.0,0.0,0.0
"3,5,6",0.06478687088333827,0.005997299031490661,0.8367646906126361,0.9995038612092483,0.49139077375614576,0.9614606288886666,0.35528036398005763,0.0,1.0,1.0,1.0,0.0,0.0,0.0
3,0.0003941486987936696,0.01679458366027586,0.27377835552869473,0.9998928724421815,0.8041781219889211,0.02432158185233756,0.00848412553967737,0.0,0.0,0.0,1.0,1.0,0.0,0.0
"0,3,5,6",0.9910576650270216,0.06723313493337062,0.050988278199729904,0.9988224841043527,0.20514861650872798,0.42899330636735,0.8193953003668369,0.0,0.0,0.0,1.0,0.0,0.0,1.0
"2,3,5,6",0.26629764823773605,0.022655348422338958,0.9925371793774049,0.9999453073180409,0.0038848132881567033,0.3251500637452342,0.4560310079763617,0.0,0.0,0.0,1.0,1.0,0.0,0.0
"2,3",0.008763572429203505,0.0808737928173079,0.9998137288641061,0.9999990402455531,0.0050459844540924345,0.005130837516812384,0.03842139596904486,0.0,0.0,1.0,1.0,0.0,0.0,0.0
"2,3",0.012561055692927696,0.003074796091670447,0.99983726669729,0.9999688801133155,2.1911077559074225e-05,0.007204473212370468,0.006478854502992158,0.0,0.0,1.0,1.0,0.0,0.0,0.0
"3,5",0.004795654085611667,3.4984964432635166e-06,0.05505436320522801,0.8879939793973383,0.16378135184392192,0.9952603660385025,0.00013776670936658072,0.0,0.0,1.0,1.0,1.0,0.0,0.0
"3,5",0.2917715618420223,0.3756630584872506,0.9098135291281411,0.967622556982789,0.5700436600709213,0.9448808399718731,0.1672895325241403,0.0,0.0,1.0,1.0,0.0,0.0,0.0
"0,3,6",0.9784301178536101,0.1668232497152186,0.8606947210035841,0.9999413415520525,0.04629206425606838,0.06396689402889884,0.897804523307642,0.0,0.0,0.0,1.0,0.0,0.0,1.0
"3,5",0.0003426732505198966,0.09978444366490592,0.13299781109519304,0.039781364450560255,0.004486973353237709,0.9906502977324811,3.5053016743405075e-05,0.0,0.0,1.0,1.0,0.0,1.0,0.0
"2,3",0.0037586847718707964,0.8199150267178925,0.999691817065184,0.9998810717431376,0.09435886446747166,0.1836686529905336,0.20193376583282605,0.0,1.0,1.0,1.0,1.0,0.0,0.0
"1,3,5,6",0.2414067152434334,0.9769215215801584,0.2523497925384871,0.9939019811996175,0.8367801179242219,0.8431950148894646,0.9314969813543634,0.0,1.0,0.0,0.0,0.0,1.0,0.0
"0,3,5,6",0.8790829304282392,0.8699700270351955,0.9653742840852997,0.9998261442803823,0.49137313043644665,0.35629944122973684,0.4330346093549098,0.0,0.0,0.0,1.0,0.0,1.0,0.0
"1,3",0.639687863389294,0.9975454397665786,0.4728046697757165,0.9994182118717594,0.024737044934126998,0.006134094480957286,0.05845502561981985,0.0,1.0,0.0,1.0,0.0,0.0,0.0
"1,3,4",0.03135816743627574,0.9933815443098168,0.7196003271098037,0.9991849266598215,0.9249640826713436,0.11456406136863112,0.18055923343217206,0.0,1.0,0.0,1.0,0.0,0.0,0.0
"0,1,2,3",0.88209863163807,0.9548197506889705,0.9992313712808247,0.9999857412139345,0.06615927768096083,0.002976306111234571,0.011869597813272395,0.0,0.0,1.0,1.0,0.0,0.0,0.0
"0,3",0.9293279002329385,0.002148564859127022,0.022179157635078012,0.9992310104606377,0.7304163075276338,0.19603221610552887,0.12682440205792103,0.0,0.0,0.0,1.0,0.0,1.0,0.0
3,0.012671871229421915,0.7844868973971387,0.7824723862038506,0.9984407685647577,0.018355559193648646,0.21470530754956815,0.18255318521035369,0.0,0.0,1.0,0.0,1.0,0.0,0.0
3,0.30165887582315654,0.007724076044428337,0.003356475040638717,0.9997817908719213,0.25075166579982766,0.000589537287436524,0.0017144791305383235,1.0,0.0,0.0,1.0,0.0,0.0,0.0
"2,3",0.0011822840885721757,5.367693977247571e-05,0.9999962653868238,0.6199918014863829,9.328079405625252e-05,0.0003110674754920641,0.0001406594607527235,0.0,0.0,1.0,1.0,0.0,1.0,0.0
"2,3",0.0032619464415396602,0.8214781282456061,0.9998491192457959,0.999885946533217,0.043017946524273806,0.19942381709513782,0.14902893345136617,0.0,0.0,1.0,1.0,0.0,0.0,0.0
"3,5",0.03176486935793024,0.005501984543243775,0.8887239793164802,0.9992482411164338,0.5303070045130788,0.7492356799781182,0.0008680825011085475,0.0,0.0,1.0,1.0,0.0,0.0,0.0
"3,4",4.567289647316212e-06,0.0005882820868352397,0.00047607288229578327,0.10762990356555843,0.9996083101098557,0.016926791384418927,2.222512502093969e-06,0.0,0.0,1.0,1.0,1.0,0.0,0.0
"0,3,6",0.9163264670435541,0.4851581110859042,0.9576678435763536,0.9948625255091451,0.03061353715764675,0.016319494344373794,0.9913116409863801,0.0,1.0,0.0,1.0,0.0,0.0,0.0
"2,3",0.0030591122020453498,0.019615177570137206,0.9999974048647683,0.9998913315206683,0.03414758651869521,0.01163831682955977,0.005638700632681918,0.0,0.0,1.0,1.0,0.0,0.0,0.0
"0,3,5,6",0.9468654280965396,0.019127976152549794,0.9414274538266318,0.9998863075791552,0.07888595054331239,0.37848226140116925,0.8545523219762248,1.0,0.0,0.0,1.0,0.0,0.0,0.0
"2,3",0.006802859926569784,1.5181410379291788e-05,0.9999903916332801,0.8655424243945893,1.1356660455885885e-06,0.3011621904030307,1.0443216962862792e-06,0.0,0.0,1.0,1.0,0.0,0.0,0.0
"2,3,6",0.4352797885880618,0.25048501816189933,0.999478541932308,0.825653068993856,6.203237715415944e-05,0.006357120158350997,0.42212869252181284,0.0,0.0,1.0,1.0,0.0,0.0,0.0
"2,3",0.0005890254826703196,0.0002455784825056079,0.999999945681968,0.9994640979045152,0.06967943722746477,0.0001746222389016544,3.7953368526900044e-05,0.0,0.0,1.0,0.0,0.0,1.0,0.0
"0,3,6",0.8174027598911765,0.0556039320648251,0.6708649278687717,0.9977013941282279,0.0510175605578021,0.005875127945194503,0.9987291466523899,0.0,0.0,0.0,1.0,0.0,0.0,1.0
"3,5,6",0.1371976139108987,0.012759471523780711,0.9253729797934549,0.9937796935691343,0.1091980624621009,0.31863703508225644,0.4670996680030958,0.0,0.0,1.0,1.0,0.0,1.0,0.0
"1,3",0.07375585269732446,0.9976207099287315,0.9788411552152441,0.9999771265999684,0.005980384535228895,0.0003117878483719483,0.002181505337197583,0.0,1.0,0.0,1.0,0.0,0.0,0.0
"2,3,6",0.39593440294474497,0.1955029177203376,0.9985795134511215,0.9981607294591947,0.003886395891335208,0.02832202890319198,0.8948313692186918,0.0,0.0,1.0,1.0,0.0,0.0,0.0
"2,3",0.013755946691201077,0.22541764094665018,0.9999914669692905,0.9999852350020687,0.008517939091994378,0.00042597866783115884,0.012540682326296291,0.0,0.0,1.0,1.0,0.0,0.0,0.0
"2,3",0.019240662340543335,0.1595270497975565,0.9999095322553843,0.9995609739211366,0.009294949533321625,0.0008051892811843336,0.0032450835395115064,0.0,0.0,1.0,1.0,0.0,0.0,0.0
"3,6",0.06932438010817939,0.6377213102760515,0.07569339797458786,0.999736317859532,0.1489522445783302,5.421856313580659e-05,0.9618539831897259,0.0,0.0,0.0,1.0,0.0,0.0,1.0
"2,3,5",4.6280888164183974e-05,0.0025183044304379777,0.9998210007547024,0.9975385957047443,0.3736715313220713,0.6816092549707311,0.0023455491064935216,0.0,0.0,1.0,1.0,0.0,0.0,0.0
"2,3,6",0.05430451967265423,0.0351739386598149,0.9994804922735443,0.9999777851297709,0.0036744641472433726,0.028956291690622964,0.45177459708597173,0.0,0.0,1.0,1.0,0.0,0.0,0.0
"3,4,5,6",0.04779596297115223,0.019847345547573725,0.5943159544615909,0.9939965934295951,0.9191990053580008,0.9906759921613164,0.6897059618267389,0.0,0.0,0.0,1.0,0.0,1.0,0.0
"1,5",3.237661485432865e-05,0.9978678773060857,0.004724082854016099,0.006967472666117135,4.267476652882704e-05,0.8491493820711628,0.0009784558421349037,0.0,0.0,0.0,0.0,1.0,1.0,1.0
"0,3,5,6",0.9752788396551346,0.010123560101625413,0.05783252826078412,0.9990066163099857,0.4022540195759308,0.4243881738823878,0.5859710397651291,1.0,0.0,0.0,1.0,0.0,0.0,0.0
"0,3,6",0.9885900460201847,0.2220282430291679,0.00742702106423118,0.9259350622397111,0.1314948918204869,0.09970849417795924,0.9523968378621911,0.0,0.0,0.0,1.0,0.0,0.0,1.0
"0,3,5,6",0.9104124094884373,0.2774966724191967,0.933214240499956,0.9971808487972834,0.031723209012183395,0.5910538449024522,0.8376007083064178,0.0,0.0,0.0,1.0,0.0,1.0,1.0
"1,3",0.41673026546932246,0.9845924753164689,0.7185439779750092,0.9999283677360796,0.09990327466593818,0.21619186945498672,0.11947499210567446,0.0,1.0,0.0,1.0,0.0,0.0,0.0
5,0.002755370780579535,0.42437591134828817,2.127071658323054e-05,0.012736333218065924,0.005623345027952523,0.9968349929264514,0.15520127581389814,1.0,0.0,0.0,0.0,1.0,0.0,0.0
"0,6",0.9987532958404803,5.308624307180427e-06,0.00026002983083764857,0.006101198657494722,0.0010987614270727359,7.409488377179481e-06,0.449015896354362,1.0,0.0,0.0,0.0,0.0,0.0,1.0
"2,3",0.018250891697738487,0.2743487940226075,0.9999735024083933,0.999972512308498,0.0011950479934387617,0.05267079698463449,0.14107111264123492,0.0,0.0,1.0,1.0,0.0,0.0,0.0
"3,4,6",0.044347712407496194,0.03553704235632119,0.9458679859738512,0.9998593018054819,0.914318923538526,0.11990402216698887,0.7475019760636255,0.0,0.0,0.0,1.0,1.0,0.0,0.0
"2,3",0.00032768237674119156,0.002913543116201693,0.9994519067664015,0.9999203684053128,0.11510045532951071,0.07002788812242745,0.02576624413111012,0.0,0.0,0.0,1.0,0.0,1.0,0.0
"1,5,6",0.0010346789001705436,0.993339638697277,0.0003088548509497719,0.00036742917227429396,6.973228479568232e-05,0.814755183533566,0.37366078993232094,1.0,1.0,0.0,0.0,0.0,0.0,0.0
"2,3,6",0.4028865404042617,0.001196288698635655,0.9991218882535259,0.9617552731370231,0.0016415338229211404,0.030537568119769664,0.44941963083482905,0.0,0.0,1.0,0.0,0.0,0.0,1.0
"2,3",0.0065638411073905,0.0006035482953012267,0.9999960325260226,0.7644842433610446,0.001448136717311315,0.002175179098733349,0.00038620606453187,0.0,1.0,0.0,1.0,0.0,1.0,0.0
"0,3,5,6",0.9218747254783405,0.8327230878837754,0.011631024046300486,0.9911131515645693,0.33265845391500465,0.8965598850401904,0.7763905440879272,1.0,0.0,0.0,0.0,0.0,1.0,1.0
"2,3,6",0.06172883070396451,0.2729567378414369,0.9953940293164422,0.9995623460361999,0.3575478746455954,0.01466011561520745,0.7922666676582962,0.0,0.0,1.0,1.0,0.0,0.0,0.0
"0,3,4,6",0.8572636188301466,0.650410993647116,0.3785845500399978,0.9999319158446135,0.8866485984138047,0.05289170092006158,0.45396334664945903,0.0,0.0,0.0,1.0,1.0,0.0,0.0
"2,3",0.0010437799358769605,0.04216413878773329,0.9999313203215368,0.9989493161971472,0.310546075018232,0.13216178284274224,0.020715316336238906,0.0,0.0,1.0,1.0,0.0,0.0,0.0
"2,3",0.4227212889041232,0.03550961641857633,0.9961896006217589,0.9992890863785422,0.0007958941206573445,0.2873053803348035,0.0018138912595661806,1.0,0.0,0.0,1.0,1.0,0.0,0.0
"2,3",6.028795873048901e-07,0.07393840203960415,0.99999561605982,0.9999997388290993,0.000838551901991221,9.340017617355153e-05,0.009926378009831831,0.0,0.0,1.0,1.0,0.0,0.0,0.0
"0,3,5,6",0.9536045531684404,0.05382601362030678,0.9401941720249224,0.9616618340045751,0.08492193027594207,0.3146880258148822,0.9813574820683022,1.0,0.0,1.0,0.0,0.0,0.0,0.0
